id,user_id,tutor_id,date,time
1,170,86,29.01.2024,09:30
2,470,57,25.07.2024,20:00
3,391,79,19.03.2024,15:00
4,314,64,13.08.2024,17:00
5,266,51,28.03.2024,14:30
6,315,54,4.06.2024,20:00
7,53,66,23.03.2024,11:30
8,372,83,1.05.2024,21:00
9,528,61,31.05.2024,23:30
10,38,69,23.01.2024,14:00
11,717,51,11.07.2024,15:30
12,290,77,5.04.2024,10:30
13,412,86,10.06.2024,16:00
14,567,88,10.06.2024,07:30
15,385,66,30.03.2024,17:30
16,360,60,10.03.2024,17:30
17,647,55,29.07.2024,08:30
18,9,83,4.06.2024,17:30
19,396,45,26.06.2024,09:00
20,878,48,17.01.2024,22:00
21,718,65,28.02.2024,10:30
22,124,43,6.04.2024,22:00
23,400,82,9.03.2024,08:00
24,807,68,3.06.2024,22:30
25,161,90,30.04.2024,09:00
26,754,84,2.06.2024,09:00
27,973,81,31.03.2024,07:30
28,968,67,22.03.2024,18:00
29,922,41,22.04.2024,08:00
30,364,75,21.02.2024,11:30
31,688,32,27.02.2024,10:00
32,272,30,4.02.2024,21:00
33,983,88,28.07.2024,23:30
34,705,71,13.05.2024,16:00
35,734,66,7.07.2024,11:30
36,55,69,16.03.2024,23:30
37,243,25,31.03.2024,09:30
38,840,90,6.06.2024,19:30
39,134,72,7.05.2024,16:00
40,362,54,19.07.2024,11:30
41,5,27,20.02.2024,18:00
42,441,25,20.06.2024,14:30
43,360,76,26.01.2024,15:30
44,478,26,11.04.2024,15:00
45,715,69,7.04.2024,11:30
46,457,37,4.01.2024,15:00
47,890,38,7.06.2024,14:30
48,56,27,26.05.2024,22:30
49,356,80,3.03.2024,10:00
50,42,32,9.07.2024,12:00
51,880,79,24.07.2024,10:00
52,477,30,26.01.2024,11:00
53,328,87,4.05.2024,07:00
54,454,36,17.02.2024,07:30
55,811,72,5.01.2024,11:00
56,4,87,18.05.2024,12:30
57,737,57,6.02.2024,22:30
58,390,39,24.07.2024,21:30
59,585,26,9.07.2024,19:00
60,587,66,8.04.2024,22:30
61,649,77,22.05.2024,09:00
62,978,76,9.02.2024,22:00
63,882,59,14.01.2024,23:00
64,369,28,6.03.2024,11:30
65,386,27,22.01.2024,16:00
66,195,50,9.07.2024,17:30
67,188,52,1.08.2024,19:00
68,140,44,31.01.2024,23:30
69,582,44,13.08.2024,15:00
70,365,28,4.02.2024,17:00
71,683,39,3.06.2024,08:30
72,217,63,7.03.2024,14:30
73,53,56,26.01.2024,17:30
74,923,74,2.01.2024,11:30
75,235,88,4.03.2024,07:30
76,421,89,4.06.2024,19:30
77,814,71,20.03.2024,11:30
78,543,41,14.04.2024,17:30
79,820,77,15.03.2024,18:00
80,640,72,1.05.2024,16:00
81,166,87,13.06.2024,09:30
82,185,53,24.07.2024,11:00
83,482,50,22.07.2024,23:30
84,816,85,18.05.2024,14:30
85,169,64,8.08.2024,15:00
86,316,46,16.07.2024,20:30
87,534,68,7.01.2024,23:30
88,725,62,26.05.2024,09:00
89,430,43,16.01.2024,15:30
90,983,25,12.02.2024,11:00
91,67,69,13.08.2024,15:00
92,304,60,29.03.2024,16:00
93,816,65,8.07.2024,10:00
94,717,64,8.06.2024,07:30
95,220,80,7.07.2024,17:30
96,867,38,11.04.2024,23:00
97,83,84,28.03.2024,17:00
98,688,70,7.07.2024,10:30
99,354,35,6.04.2024,18:30
100,763,30,14.05.2024,20:30
101,101,75,24.03.2024,12:30
102,897,61,1.08.2024,11:00
103,850,77,29.02.2024,15:00
104,663,44,12.02.2024,15:30
105,131,43,3.07.2024,21:00
106,875,87,21.03.2024,17:00
107,638,86,12.07.2024,19:30
108,565,55,23.04.2024,10:30
109,297,89,20.03.2024,23:00
110,73,60,12.05.2024,21:30
111,389,36,9.07.2024,09:00
112,117,25,13.08.2024,23:00
113,708,54,25.03.2024,20:00
114,571,63,17.02.2024,12:30
115,939,26,20.03.2024,08:00
116,397,33,16.02.2024,08:30
117,2,44,11.04.2024,18:30
118,380,40,5.06.2024,07:00
119,226,29,17.05.2024,21:00
120,922,38,7.01.2024,14:00
121,695,79,17.03.2024,10:30
122,888,79,26.04.2024,16:30
123,342,70,23.04.2024,16:30
124,486,26,2.06.2024,23:30
125,246,70,18.01.2024,12:00
126,297,45,21.03.2024,20:30
127,897,28,11.05.2024,07:00
128,433,60,22.03.2024,13:00
129,863,47,26.01.2024,13:30
130,498,35,5.04.2024,13:30
131,144,45,7.07.2024,19:30
132,590,35,25.07.2024,09:30
133,521,72,8.02.2024,16:30
134,37,39,6.02.2024,09:30
135,829,64,19.07.2024,08:30
136,278,55,29.07.2024,23:00
137,345,90,1.03.2024,20:00
138,849,87,22.07.2024,07:30
139,382,47,21.07.2024,22:30
140,855,69,9.08.2024,23:00
141,862,56,1.08.2024,08:00
142,671,81,14.08.2024,14:30
143,527,72,25.05.2024,14:30
144,467,82,26.01.2024,13:00
145,364,70,12.07.2024,13:00
146,839,62,5.04.2024,23:30
147,203,81,29.02.2024,19:30
148,764,74,9.08.2024,07:00
149,259,82,24.06.2024,10:00
150,23,36,27.03.2024,23:30
151,742,63,1.01.2024,08:30
152,35,61,3.01.2024,21:30
153,71,30,8.05.2024,10:00
154,271,73,24.03.2024,17:30
155,856,55,5.07.2024,18:30
156,118,66,21.01.2024,13:00
157,10,37,10.01.2024,21:00
158,671,73,23.01.2024,20:00
159,84,82,16.03.2024,11:00
160,606,49,2.07.2024,23:30
161,839,42,28.04.2024,11:30
162,200,25,11.06.2024,10:00
163,23,31,15.04.2024,10:30
164,474,62,11.02.2024,16:00
165,748,89,2.07.2024,13:30
166,618,82,13.03.2024,19:00
167,171,33,15.05.2024,19:30
168,304,80,30.06.2024,11:00
169,912,70,23.01.2024,23:00
170,883,86,3.08.2024,10:30
171,536,27,26.02.2024,08:30
172,896,43,20.06.2024,16:00
173,796,34,29.02.2024,22:00
174,757,59,24.07.2024,07:30
175,777,70,5.07.2024,07:30
176,366,78,2.07.2024,13:30
177,341,68,23.04.2024,07:30
178,796,77,23.02.2024,08:00
179,574,51,15.07.2024,15:30
180,261,60,23.07.2024,14:30
181,853,82,20.05.2024,09:00
182,966,80,29.05.2024,12:30
183,974,84,21.02.2024,19:00
184,296,66,30.03.2024,12:30
185,101,56,12.06.2024,15:00
186,654,31,28.07.2024,16:00
187,347,57,13.06.2024,17:00
188,64,38,5.06.2024,18:00
189,889,39,29.07.2024,19:00
190,985,51,16.04.2024,20:00
191,428,74,10.03.2024,21:00
192,285,83,14.05.2024,22:00
193,444,83,2.03.2024,23:00
194,54,51,25.02.2024,00:00
195,473,31,19.07.2024,01:00
196,17,82,9.08.2024,02:00
197,673,27,7.05.2024,03:00
198,583,29,26.05.2024,04:00
199,388,35,11.07.2024,05:00
200,957,88,23.02.2024,06:00
201,242,86,29.04.2024,07:00
202,103,42,4.06.2024,08:00
203,858,42,10.05.2024,09:00
204,852,62,22.06.2024,10:00
205,245,83,25.01.2024,11:00
206,956,52,7.06.2024,12:00
207,821,85,14.04.2024,13:00
208,121,43,2.03.2024,14:00
209,603,48,13.05.2024,15:00
210,354,39,30.01.2024,16:00
211,28,66,4.07.2024,17:00
212,399,29,24.01.2024,18:00
213,305,58,4.06.2024,19:00
214,181,82,28.07.2024,20:00
215,52,66,19.03.2024,21:00
216,410,77,27.04.2024,22:00
217,544,45,16.07.2024,23:00
218,406,53,31.01.2024,00:00
219,472,78,7.06.2024,01:00
220,887,50,11.04.2024,02:00
221,55,51,27.02.2024,03:00
222,423,87,11.04.2024,04:00
223,112,71,7.05.2024,05:00
224,219,33,1.03.2024,06:00
225,123,72,26.07.2024,07:00
226,278,44,20.03.2024,08:00
227,531,76,4.03.2024,09:00
228,478,66,8.07.2024,10:00
229,625,61,7.02.2024,11:00
230,750,40,15.06.2024,12:00
231,982,54,19.01.2024,13:00
232,806,60,4.07.2024,14:00
233,286,39,17.04.2024,15:00
234,13,49,16.01.2024,16:00
235,776,84,24.06.2024,17:00
236,468,62,31.07.2024,18:00
237,337,57,14.04.2024,19:00
238,19,81,17.01.2024,20:00
239,310,45,16.07.2024,21:00
240,67,70,29.03.2024,22:00
241,480,52,19.03.2024,23:00
242,72,27,3.04.2024,00:00
243,787,79,17.02.2024,01:00
244,414,51,8.06.2024,02:00
245,444,27,7.08.2024,03:00
246,638,46,16.05.2024,04:00
247,362,26,27.02.2024,05:00
248,241,31,13.02.2024,06:00
249,954,44,29.06.2024,07:00
250,463,30,2.02.2024,08:00
251,585,26,26.07.2024,09:00
252,150,78,19.07.2024,10:00
253,844,31,19.06.2024,11:00
254,318,80,15.06.2024,12:00
255,502,65,4.06.2024,13:00
256,751,63,27.07.2024,14:00
257,922,39,25.04.2024,15:00
258,20,59,3.07.2024,16:00
259,847,29,6.08.2024,17:00
260,182,31,6.06.2024,18:00
261,302,81,29.02.2024,19:00
262,248,76,29.06.2024,20:00
263,558,28,27.04.2024,21:00
264,363,28,1.04.2024,22:00
265,240,69,26.01.2024,23:00
266,172,38,10.08.2024,00:00
267,782,38,2.01.2024,01:00
268,38,47,1.08.2024,02:00
269,803,34,30.05.2024,03:00
270,867,33,1.06.2024,04:00
271,278,88,18.03.2024,05:00
272,336,34,22.06.2024,06:00
273,931,47,27.06.2024,07:00
274,160,40,12.03.2024,08:00
275,544,69,8.08.2024,09:00
276,161,80,12.04.2024,10:00
277,319,59,10.08.2024,11:00
278,43,61,7.07.2024,12:00
279,989,64,2.02.2024,13:00
280,907,35,18.04.2024,14:00
281,402,69,29.07.2024,15:00
282,477,84,4.07.2024,16:00
283,641,54,11.03.2024,17:00
284,804,71,4.06.2024,18:00
285,980,40,30.01.2024,19:00
286,298,73,26.06.2024,20:00
287,328,39,7.03.2024,21:00
288,756,59,9.03.2024,22:00
289,682,80,12.08.2024,23:00
290,235,57,23.07.2024,00:00
291,228,46,6.07.2024,01:00
292,857,53,11.02.2024,02:00
293,848,50,2.02.2024,03:00
294,369,88,11.04.2024,04:00
295,409,31,17.05.2024,05:00
296,771,26,26.05.2024,06:00
297,77,67,7.03.2024,07:00
298,619,63,20.05.2024,08:00
299,711,67,27.07.2024,09:00
300,154,49,17.01.2024,10:00
301,174,90,10.08.2024,11:00
302,756,48,15.06.2024,12:00
303,478,48,22.03.2024,13:00
304,739,80,14.04.2024,14:00
305,377,63,19.05.2024,15:00
306,677,41,21.04.2024,16:00
307,97,53,18.03.2024,17:00
308,857,25,20.06.2024,18:00
309,537,54,5.05.2024,19:00
310,696,82,19.03.2024,20:00
311,760,29,10.02.2024,21:00
312,510,83,20.02.2024,22:00
313,735,65,3.02.2024,23:00
314,102,47,16.05.2024,00:00
315,151,48,8.02.2024,01:00
316,815,31,12.07.2024,02:00
317,166,63,11.04.2024,03:00
318,118,44,10.04.2024,04:00
319,255,34,6.07.2024,05:00
320,284,36,1.05.2024,06:00
321,751,50,30.07.2024,07:00
322,553,62,7.03.2024,08:00
323,466,62,3.05.2024,09:00
324,561,60,16.05.2024,10:00
325,18,80,17.05.2024,11:00
326,410,62,23.03.2024,12:00
327,771,51,27.04.2024,13:00
328,960,71,28.01.2024,14:00
329,654,68,24.05.2024,15:00
330,764,87,4.05.2024,16:00
331,638,38,6.06.2024,17:00
332,179,37,26.03.2024,18:00
333,144,37,23.05.2024,19:00
334,879,32,8.02.2024,20:00
335,108,51,2.07.2024,21:00
336,776,31,1.01.2024,22:00
337,665,31,2.06.2024,23:00
338,463,55,9.06.2024,00:00
339,969,39,14.07.2024,01:00
340,29,86,7.01.2024,02:00
341,254,71,26.07.2024,03:00
342,321,82,18.03.2024,04:00
343,161,37,9.06.2024,05:00
344,257,86,6.06.2024,06:00
345,637,30,27.06.2024,07:00
346,938,27,22.02.2024,08:00
347,912,59,21.07.2024,09:00
348,203,80,2.01.2024,10:00
349,930,28,23.04.2024,11:00
350,768,74,18.05.2024,12:00
351,780,39,14.08.2024,13:00
352,548,81,9.05.2024,14:00
353,245,29,27.01.2024,15:00
354,568,64,21.03.2024,16:00
355,309,70,28.03.2024,17:00
356,38,76,12.07.2024,18:00
357,246,75,31.03.2024,19:00
358,705,67,28.03.2024,20:00
359,104,67,2.02.2024,21:00
360,300,55,12.05.2024,22:00
361,379,84,9.01.2024,23:00
362,490,60,11.02.2024,00:00
363,841,36,23.04.2024,01:00
364,315,86,30.05.2024,02:00
365,297,47,21.07.2024,03:00
366,346,41,21.06.2024,04:00
367,736,56,22.07.2024,05:00
368,477,29,3.05.2024,06:00
369,239,40,24.06.2024,07:00
370,793,33,25.03.2024,08:00
371,889,70,13.07.2024,09:00
372,929,73,29.07.2024,10:00
373,56,76,27.05.2024,11:00
374,430,64,8.02.2024,12:00
375,414,84,8.01.2024,13:00
376,18,39,14.07.2024,14:00
377,143,25,24.07.2024,15:00
378,125,82,1.05.2024,16:00
379,428,60,25.06.2024,17:00
380,102,67,7.03.2024,18:00
381,241,34,6.07.2024,19:00
382,797,76,28.04.2024,20:00
383,764,80,4.02.2024,21:00
384,580,25,2.06.2024,22:00
385,871,79,14.03.2024,23:00
386,448,84,4.06.2024,00:00
387,435,75,24.01.2024,01:00
388,632,67,23.02.2024,02:00
389,942,68,6.08.2024,03:00
390,996,42,23.06.2024,04:00
391,507,85,9.05.2024,05:00
392,383,89,21.05.2024,06:00
393,559,61,14.02.2024,07:00
394,605,66,28.04.2024,08:00
395,696,54,7.03.2024,09:00
396,837,89,30.06.2024,10:00
397,286,29,23.01.2024,11:00
398,560,48,17.02.2024,12:00
399,837,78,23.06.2024,13:00
400,270,45,8.01.2024,14:00
401,198,76,17.02.2024,15:00
402,461,72,11.06.2024,16:00
403,730,60,27.02.2024,17:00
404,201,39,2.02.2024,18:00
405,691,37,14.05.2024,19:00
406,975,60,29.02.2024,20:00
407,789,30,16.06.2024,21:00
408,162,71,12.02.2024,22:00
409,821,35,10.05.2024,23:00
410,82,89,1.02.2024,00:00
411,666,69,25.06.2024,01:00
412,428,45,14.02.2024,02:00
413,73,74,8.02.2024,03:00
414,559,65,29.02.2024,04:00
415,885,80,25.01.2024,05:00
416,538,88,1.02.2024,06:00
417,900,41,13.03.2024,07:00
418,172,42,8.03.2024,08:00
419,786,28,10.08.2024,09:00
420,571,54,21.03.2024,10:00
421,559,70,24.04.2024,11:00
422,505,26,26.03.2024,12:00
423,677,70,18.02.2024,13:00
424,383,82,28.05.2024,14:00
425,756,29,11.07.2024,15:00
426,381,32,21.03.2024,16:00
427,622,31,14.01.2024,17:00
428,980,32,8.02.2024,18:00
429,557,36,27.07.2024,19:00
430,515,67,8.07.2024,20:00
431,566,77,7.01.2024,21:00
432,56,60,22.05.2024,22:00
433,203,49,19.01.2024,23:00
434,167,38,3.05.2024,00:00
435,824,77,30.03.2024,01:00
436,606,47,1.03.2024,02:00
437,69,37,28.07.2024,03:00
438,838,76,1.06.2024,04:00
439,68,45,9.08.2024,05:00
440,47,62,4.05.2024,06:00
441,580,32,13.01.2024,07:00
442,842,73,16.03.2024,08:00
443,722,79,5.03.2024,09:00
444,307,59,14.02.2024,10:00
445,445,71,12.08.2024,11:00
446,287,37,3.04.2024,12:00
447,539,68,25.01.2024,13:00
448,32,64,24.07.2024,14:00
449,411,81,13.06.2024,15:00
450,829,90,16.07.2024,16:00
451,959,30,17.06.2024,17:00
452,397,47,30.01.2024,18:00
453,268,39,25.04.2024,19:00
454,575,88,15.06.2024,20:00
455,298,50,18.02.2024,21:00
456,60,79,23.02.2024,22:00
457,97,67,1.04.2024,23:00
458,414,29,13.01.2024,00:00
459,774,86,31.05.2024,01:00
460,745,48,14.02.2024,02:00
461,521,86,12.06.2024,03:00
462,674,74,20.06.2024,04:00
463,5,90,15.04.2024,05:00
464,949,68,24.06.2024,06:00
465,223,56,10.01.2024,07:00
466,273,42,6.02.2024,08:00
467,499,87,16.01.2024,09:00
468,8,49,25.03.2024,10:00
469,263,78,7.08.2024,11:00
470,507,49,26.06.2024,12:00
471,605,69,6.04.2024,13:00
472,228,82,7.01.2024,14:00
473,71,80,7.06.2024,15:00
474,354,74,28.04.2024,16:00
475,757,32,18.04.2024,17:00
476,900,78,31.01.2024,18:00
477,773,84,20.07.2024,19:00
478,712,40,23.02.2024,20:00
479,125,61,28.04.2024,21:00
480,663,88,28.05.2024,22:00
481,438,80,20.03.2024,23:00
482,283,82,9.07.2024,00:00
483,938,44,17.02.2024,01:00
484,593,49,22.03.2024,02:00
485,205,63,22.06.2024,03:00
486,449,72,11.06.2024,04:00
487,351,85,9.02.2024,05:00
488,717,48,9.06.2024,06:00
489,947,89,7.08.2024,07:00
490,251,65,3.04.2024,08:00
491,220,72,3.08.2024,09:00
492,200,30,28.04.2024,10:00
493,607,72,1.06.2024,11:00
494,770,83,8.03.2024,12:00
495,112,88,8.03.2024,13:00
496,131,51,4.04.2024,14:00
497,965,51,3.06.2024,15:00
498,455,52,14.04.2024,16:00
499,330,36,1.02.2024,17:00
500,123,82,28.06.2024,18:00
